SampleID,Size,Number,Thickness
1,ex-large,scale-2,grey
2,median,scale-3,grey
3,small,scale-1,grey
4,ex-large,scale-4,light
5,small,scale-4,dark
6,median,scale-3,grey
7,ex-large,scale-4,dark
8,ex-large,scale-5,dark
9,small,scale-2,light
10,none,scale-3,grey
11,small,scale-1,grey
12,small,scale-2,light
13,median,scale-2,grey
14,none,scale-5,grey
15,median,scale-1,grey
16,large,scale-3,light
17,large,scale-2,light
18,ex-large,scale-5,light
19,large,scale-1,dark
20,small,scale-2,dark
21,none,scale-5,grey
22,ex-large,scale-5,dark
23,none,scale-1,dark
24,median,scale-1,light
25,ex-large,scale-3,light
26,none,scale-4,light
27,small,scale-2,dark
28,ex-large,scale-4,dark
29,ex-large,scale-1,grey
30,median,scale-2,grey
31,ex-large,scale-3,grey
32,median,scale-5,light
33,ex-large,scale-3,light
34,small,scale-4,grey
35,ex-large,scale-5,light
36,small,scale-4,dark
37,none,scale-4,dark
38,large,scale-5,light
39,median,scale-1,light
40,none,scale-2,dark
41,ex-large,scale-3,light
42,none,scale-2,light
43,none,scale-2,light
44,none,scale-4,grey
45,large,scale-3,dark
46,ex-large,scale-2,grey
47,median,scale-4,light
48,large,scale-5,dark
49,ex-large,scale-5,grey
50,median,scale-1,grey
51,none,scale-2,light
52,ex-large,scale-3,dark
53,large,scale-1,dark
54,none,scale-1,light
55,ex-large,scale-5,light
56,large,scale-3,grey
57,ex-large,scale-3,dark
58,small,scale-5,dark
59,ex-large,scale-5,light
60,small,scale-5,dark
61,small,scale-5,grey
62,none,scale-4,dark
63,none,scale-3,light
64,none,scale-4,dark
65,none,scale-5,light
66,small,scale-1,light
67,small,scale-5,grey
68,small,scale-4,dark
69,small,scale-1,dark
70,small,scale-3,grey
71,small,scale-5,dark
72,none,scale-1,dark
73,small,scale-4,dark
74,ex-large,scale-2,light
75,large,scale-3,grey
76,ex-large,scale-4,grey
77,ex-large,scale-2,grey
78,large,scale-2,dark
79,none,scale-2,light
80,ex-large,scale-4,light
81,small,scale-3,light
82,none,scale-2,light
83,none,scale-2,light
84,ex-large,scale-5,light
85,none,scale-3,grey
86,large,scale-3,light
87,median,scale-4,dark
88,large,scale-2,dark
89,median,scale-3,dark
90,ex-large,scale-1,dark
91,median,scale-3,light
92,large,scale-4,dark
93,none,scale-1,grey
94,large,scale-4,light
95,ex-large,scale-2,dark
96,large,scale-1,dark
97,none,scale-1,grey
98,small,scale-4,light
99,large,scale-5,grey
100,ex-large,scale-4,dark
101,none,scale-5,dark
102,large,scale-2,light
103,median,scale-1,light
104,median,scale-1,dark
105,none,scale-4,grey
106,none,scale-4,grey
107,none,scale-5,light
108,ex-large,scale-5,grey
109,none,scale-4,light
110,ex-large,scale-1,dark
111,small,scale-4,grey
112,none,scale-3,light
113,ex-large,scale-1,light
114,large,scale-2,light
115,median,scale-5,light
116,none,scale-2,grey
117,ex-large,scale-4,dark
118,none,scale-3,grey
119,large,scale-4,grey
120,small,scale-4,dark
121,ex-large,scale-3,grey
122,none,scale-2,dark
123,none,scale-1,light
124,ex-large,scale-3,grey
125,small,scale-5,dark
126,none,scale-1,grey
127,small,scale-1,grey
128,median,scale-5,grey
129,small,scale-4,light
130,large,scale-5,light
131,median,scale-5,light
132,none,scale-4,light
133,ex-large,scale-5,light
134,median,scale-4,grey
135,ex-large,scale-1,dark
136,small,scale-3,light
137,small,scale-1,grey
138,small,scale-1,grey
139,small,scale-2,light
140,none,scale-2,dark
141,none,scale-5,dark
142,ex-large,scale-2,light
143,median,scale-1,dark
144,median,scale-1,grey
145,ex-large,scale-2,light
146,none,scale-1,light
147,median,scale-2,light
148,median,scale-3,dark
149,large,scale-2,dark
150,large,scale-2,grey
151,median,scale-5,grey
152,median,scale-5,dark
153,ex-large,scale-5,dark
154,small,scale-1,dark
155,ex-large,scale-3,grey
156,none,scale-3,grey
157,median,scale-4,dark
158,small,scale-1,dark
159,none,scale-3,light
160,median,scale-1,grey
161,median,scale-5,dark
162,large,scale-2,grey
163,median,scale-1,dark
164,ex-large,scale-4,dark
165,ex-large,scale-2,light
166,none,scale-1,light
167,median,scale-3,light
168,none,scale-5,dark
169,ex-large,scale-2,light
170,large,scale-1,grey
171,small,scale-1,light
172,large,scale-3,dark
173,none,scale-5,grey
174,large,scale-2,dark
175,large,scale-2,dark
176,small,scale-5,dark
177,median,scale-4,grey
178,ex-large,scale-5,dark
179,large,scale-3,light
180,median,scale-1,dark
181,large,scale-2,light
182,large,scale-4,dark
183,median,scale-1,grey
184,small,scale-1,dark
185,ex-large,scale-4,light
186,none,scale-4,grey
187,median,scale-1,dark
188,small,scale-1,grey
189,none,scale-2,grey
190,large,scale-1,grey
191,large,scale-5,light
192,none,scale-1,light
193,ex-large,scale-3,grey
194,large,scale-3,dark
195,large,scale-2,grey
196,median,scale-1,grey
197,large,scale-1,dark
198,none,scale-2,grey
199,small,scale-1,light
200,small,scale-5,light
201,large,scale-2,light
202,median,scale-2,dark
203,median,scale-1,grey
204,large,scale-1,light
205,large,scale-4,grey
206,median,scale-2,dark
207,none,scale-1,dark
208,median,scale-1,light
209,none,scale-2,dark
210,small,scale-3,light
211,none,scale-3,dark
212,none,scale-1,dark
213,small,scale-3,dark
214,ex-large,scale-2,light
215,small,scale-4,dark
216,large,scale-4,dark
217,small,scale-3,grey
218,none,scale-4,light
219,median,scale-1,dark
220,ex-large,scale-4,dark
221,ex-large,scale-2,grey
222,median,scale-1,light
223,none,scale-4,dark
224,none,scale-2,light
225,none,scale-3,dark
226,ex-large,scale-4,dark
227,ex-large,scale-2,light
228,median,scale-2,grey
229,none,scale-4,dark
230,large,scale-2,grey
231,large,scale-2,grey
232,median,scale-1,light
233,none,scale-2,grey
234,none,scale-4,dark
235,none,scale-1,grey
236,large,scale-5,light
237,median,scale-1,grey
238,small,scale-3,light
239,large,scale-3,light
240,ex-large,scale-1,light
241,large,scale-1,dark
242,large,scale-4,dark
243,median,scale-1,dark
244,small,scale-5,grey
245,none,scale-4,light
246,none,scale-2,grey
247,median,scale-5,light
248,none,scale-2,light
249,ex-large,scale-1,light
250,small,scale-2,grey
251,large,scale-3,light
252,large,scale-5,light
253,small,scale-1,grey
254,none,scale-2,grey
255,none,scale-1,grey
256,median,scale-4,grey
257,large,scale-1,light
258,ex-large,scale-5,grey
259,median,scale-2,light
260,large,scale-3,dark
261,median,scale-4,light
262,median,scale-3,dark
263,none,scale-2,grey
264,median,scale-4,dark
265,large,scale-5,dark
266,none,scale-1,light
267,small,scale-1,grey
268,large,scale-3,grey
269,small,scale-5,grey
270,small,scale-2,dark
271,ex-large,scale-1,dark
272,small,scale-5,grey
273,ex-large,scale-2,light
274,ex-large,scale-4,dark
275,small,scale-4,grey
276,median,scale-4,dark
277,ex-large,scale-1,grey
278,ex-large,scale-1,grey
279,large,scale-3,grey
280,small,scale-2,dark
281,small,scale-4,grey
282,none,scale-1,grey
283,small,scale-1,grey
284,none,scale-5,light
285,median,scale-2,grey
286,small,scale-5,light
287,median,scale-3,dark
288,median,scale-2,light
289,median,scale-1,grey
290,ex-large,scale-3,light
291,none,scale-1,grey
292,large,scale-1,grey
293,large,scale-3,dark
294,large,scale-5,dark
295,small,scale-2,light
296,none,scale-1,dark
297,large,scale-1,grey
298,large,scale-4,grey
299,small,scale-3,light
300,median,scale-3,dark
301,median,scale-5,dark
302,median,scale-2,dark
303,small,scale-3,grey
304,ex-large,scale-5,dark
305,large,scale-4,dark
306,large,scale-5,grey
307,median,scale-4,light
308,median,scale-3,grey
309,small,scale-1,light
310,median,scale-3,light
311,small,scale-5,dark
312,median,scale-5,dark
313,ex-large,scale-3,grey
314,median,scale-3,light
315,none,scale-2,dark
316,ex-large,scale-4,grey
317,none,scale-4,dark
318,small,scale-1,dark
319,large,scale-3,light
320,small,scale-3,dark
321,median,scale-2,light
322,large,scale-4,dark
323,large,scale-4,light
324,small,scale-3,light
325,ex-large,scale-3,dark
326,median,scale-1,dark
327,large,scale-2,dark
328,median,scale-3,light
329,large,scale-2,light
330,median,scale-2,grey
331,median,scale-1,grey
332,large,scale-3,light
333,small,scale-3,dark
334,small,scale-4,light
335,none,scale-3,light
336,large,scale-4,light
337,ex-large,scale-4,light
338,none,scale-4,dark
339,small,scale-4,dark
340,none,scale-1,grey
341,small,scale-3,grey
342,large,scale-2,light
343,large,scale-3,grey
344,none,scale-2,light
345,ex-large,scale-3,dark
346,none,scale-3,dark
347,large,scale-4,light
348,median,scale-1,dark
349,none,scale-5,grey
350,median,scale-4,light
351,small,scale-1,dark
352,median,scale-1,light
353,large,scale-4,grey
354,ex-large,scale-5,grey
355,large,scale-4,light
356,median,scale-4,grey
357,small,scale-4,grey
358,ex-large,scale-5,light
359,ex-large,scale-2,light
360,none,scale-2,grey
361,ex-large,scale-4,light
362,large,scale-1,light
363,median,scale-3,light
364,ex-large,scale-2,grey
365,median,scale-4,dark
366,none,scale-3,grey
367,small,scale-4,grey
368,none,scale-4,dark
369,median,scale-5,grey
370,ex-large,scale-4,light
371,median,scale-4,dark
372,ex-large,scale-5,light
373,small,scale-5,grey
374,ex-large,scale-1,light
375,small,scale-5,dark
376,none,scale-3,light
377,none,scale-1,light
378,median,scale-4,light
379,small,scale-1,grey
380,median,scale-4,grey
381,ex-large,scale-5,dark
382,large,scale-3,dark
383,median,scale-5,light
384,large,scale-4,light
385,small,scale-4,grey
386,small,scale-3,grey
387,none,scale-4,dark
388,median,scale-2,grey
389,small,scale-3,grey
390,ex-large,scale-4,grey
391,median,scale-5,grey
392,none,scale-1,dark
393,small,scale-1,light
394,ex-large,scale-1,dark
395,small,scale-5,grey
396,small,scale-1,grey
397,none,scale-2,grey
398,small,scale-5,light
399,small,scale-2,grey
400,median,scale-2,dark
401,ex-large,scale-5,grey
402,large,scale-1,dark
403,small,scale-5,dark
404,median,scale-1,grey
405,ex-large,scale-3,grey
406,none,scale-3,light
407,small,scale-2,dark
408,small,scale-4,light
409,large,scale-5,light
410,ex-large,scale-4,dark
411,small,scale-5,dark
412,large,scale-1,dark
413,ex-large,scale-3,grey
414,small,scale-4,dark
415,ex-large,scale-4,grey
416,small,scale-4,light
417,ex-large,scale-3,dark
418,median,scale-2,grey
419,none,scale-3,light
420,small,scale-2,grey
421,median,scale-1,grey
422,none,scale-5,dark
423,small,scale-1,grey
424,ex-large,scale-5,grey
425,none,scale-4,grey
426,large,scale-4,dark
427,ex-large,scale-5,dark
428,large,scale-1,light
429,none,scale-5,dark
430,small,scale-1,grey
431,none,scale-4,light
432,small,scale-2,grey
433,small,scale-4,light
434,none,scale-1,dark
435,large,scale-1,dark
436,large,scale-3,light
437,none,scale-1,grey
438,none,scale-1,dark
439,small,scale-4,grey
440,large,scale-3,dark
441,none,scale-3,grey
442,none,scale-5,light
443,median,scale-4,dark
444,large,scale-1,dark
445,large,scale-2,light
446,none,scale-4,dark
447,small,scale-4,dark
448,large,scale-2,light
449,none,scale-1,dark
450,large,scale-5,dark
451,large,scale-2,light
452,none,scale-2,grey
453,none,scale-3,light
454,ex-large,scale-3,light
455,median,scale-5,grey
456,none,scale-1,grey
457,median,scale-2,dark
458,small,scale-3,light
459,ex-large,scale-3,grey
460,median,scale-4,light
461,large,scale-3,grey
462,large,scale-3,light
463,median,scale-1,grey
464,small,scale-1,dark
465,small,scale-4,dark
466,median,scale-1,grey
467,median,scale-5,light
468,none,scale-1,light
469,large,scale-5,dark
470,median,scale-2,grey
471,median,scale-3,light
472,ex-large,scale-1,dark
473,none,scale-1,light
474,ex-large,scale-3,dark
475,none,scale-3,dark
476,median,scale-1,light
477,median,scale-5,light
478,small,scale-2,light
479,large,scale-3,dark
480,median,scale-5,grey
481,median,scale-2,dark
482,none,scale-1,light
483,small,scale-3,grey
484,large,scale-3,light
485,median,scale-5,light
486,large,scale-1,grey
487,large,scale-3,light
488,ex-large,scale-4,dark
489,median,scale-5,dark
490,median,scale-2,grey
491,ex-large,scale-4,light
492,none,scale-1,dark
493,ex-large,scale-2,grey
494,none,scale-1,grey
495,large,scale-2,light
496,ex-large,scale-4,light
497,small,scale-1,light
498,median,scale-5,light
499,small,scale-5,grey
500,small,scale-5,light
501,large,scale-1,light
502,small,scale-2,grey
503,small,scale-4,dark
504,large,scale-1,dark
505,ex-large,scale-2,dark
506,small,scale-4,dark
507,none,scale-1,light
508,none,scale-3,light
509,none,scale-5,light
510,median,scale-4,light
511,median,scale-5,grey
512,large,scale-1,light
513,median,scale-5,light
514,ex-large,scale-4,grey
515,small,scale-1,grey
516,ex-large,scale-4,light
517,large,scale-4,grey
518,small,scale-4,dark
519,ex-large,scale-3,dark
520,large,scale-4,grey
521,large,scale-2,grey
522,large,scale-1,light
523,none,scale-5,grey
524,large,scale-1,light
525,ex-large,scale-2,grey
526,none,scale-2,light
527,small,scale-2,light
528,median,scale-3,dark
529,ex-large,scale-5,light
530,median,scale-2,dark
531,median,scale-3,grey
532,ex-large,scale-4,grey
533,median,scale-5,light
534,ex-large,scale-2,light
535,ex-large,scale-3,grey
536,median,scale-4,grey
537,ex-large,scale-3,grey
538,large,scale-5,dark
539,ex-large,scale-1,grey
540,median,scale-3,dark
541,small,scale-5,light
542,median,scale-1,grey
543,median,scale-5,light
544,small,scale-3,grey
545,ex-large,scale-5,dark
546,large,scale-4,light
547,large,scale-4,light
548,small,scale-5,light
549,large,scale-2,dark
550,ex-large,scale-5,grey
551,ex-large,scale-4,dark
552,ex-large,scale-2,dark
553,ex-large,scale-3,light
554,large,scale-2,grey
555,small,scale-3,dark
556,small,scale-3,dark
557,none,scale-3,grey
558,none,scale-5,grey
559,ex-large,scale-4,light
560,large,scale-5,grey
561,small,scale-2,grey
562,small,scale-5,dark
563,small,scale-1,dark
564,large,scale-1,light
565,large,scale-4,dark
566,small,scale-2,grey
567,large,scale-5,light
568,ex-large,scale-3,dark
569,none,scale-4,dark
570,median,scale-2,grey
571,large,scale-4,dark
572,median,scale-3,grey
573,ex-large,scale-4,light
574,large,scale-3,grey
575,small,scale-2,dark
576,ex-large,scale-1,grey
577,median,scale-4,dark
578,small,scale-1,light
579,small,scale-2,dark
580,none,scale-4,dark
581,median,scale-4,light
582,small,scale-4,dark
583,small,scale-1,grey
584,large,scale-4,grey
585,ex-large,scale-4,dark
586,none,scale-5,dark
587,median,scale-2,light
588,median,scale-1,dark
589,large,scale-4,grey
590,large,scale-5,light
591,none,scale-3,grey
592,large,scale-3,dark
593,none,scale-2,dark
594,ex-large,scale-5,grey
595,none,scale-2,dark
596,small,scale-3,light
597,ex-large,scale-1,light
598,median,scale-1,grey
599,none,scale-1,dark
600,none,scale-4,grey
601,none,scale-4,dark
602,median,scale-4,light
603,large,scale-2,light
604,ex-large,scale-4,dark
605,large,scale-1,dark
606,small,scale-3,grey
607,small,scale-3,dark
608,large,scale-4,grey
609,large,scale-3,light
610,median,scale-4,dark
611,median,scale-5,dark
612,none,scale-1,dark
613,large,scale-3,grey
614,small,scale-1,light
615,small,scale-4,grey
616,small,scale-1,grey
617,none,scale-3,light
618,median,scale-3,grey
619,ex-large,scale-5,grey
620,ex-large,scale-4,grey
621,ex-large,scale-2,light
622,median,scale-3,light
623,large,scale-2,dark
624,large,scale-2,dark
625,small,scale-4,dark
626,median,scale-5,dark
627,small,scale-3,dark
628,none,scale-5,grey
629,ex-large,scale-2,dark
630,large,scale-2,grey
631,small,scale-2,light
632,large,scale-3,grey
633,large,scale-3,dark
634,large,scale-4,light
635,large,scale-3,grey
636,none,scale-1,dark
637,small,scale-5,grey
638,large,scale-1,light
639,large,scale-2,grey
640,large,scale-4,dark
641,ex-large,scale-2,dark
642,large,scale-1,light
643,ex-large,scale-5,dark
644,ex-large,scale-1,dark
645,large,scale-2,dark
646,large,scale-4,dark
647,median,scale-4,dark
648,large,scale-3,grey
649,none,scale-1,dark
650,ex-large,scale-5,light
651,small,scale-5,grey
652,median,scale-4,grey
653,large,scale-2,grey
654,ex-large,scale-4,light
655,median,scale-1,dark
656,median,scale-1,dark
657,ex-large,scale-5,grey
658,median,scale-3,grey
659,none,scale-1,dark
660,none,scale-1,grey
661,small,scale-2,grey
662,ex-large,scale-2,grey
663,none,scale-3,grey
664,median,scale-3,dark
665,none,scale-1,light
666,median,scale-1,grey
667,small,scale-3,light
668,ex-large,scale-5,grey
669,none,scale-1,dark
670,none,scale-5,dark
671,median,scale-1,grey
672,ex-large,scale-3,light
673,none,scale-2,grey
674,large,scale-1,light
675,large,scale-2,light
676,median,scale-1,light
677,large,scale-1,light
678,none,scale-4,grey
679,ex-large,scale-3,grey
680,median,scale-2,grey
681,median,scale-3,dark
682,small,scale-4,grey
683,median,scale-1,grey
684,small,scale-4,grey
685,none,scale-3,grey
686,small,scale-1,dark
687,ex-large,scale-2,dark
688,none,scale-3,light
689,large,scale-4,dark
690,none,scale-1,grey
691,none,scale-1,grey
692,ex-large,scale-1,dark
693,ex-large,scale-5,grey
694,small,scale-5,grey
695,ex-large,scale-4,dark
696,median,scale-2,dark
697,small,scale-1,grey
698,small,scale-1,grey
699,large,scale-2,dark
700,large,scale-5,grey
701,small,scale-5,light
702,median,scale-3,light
703,large,scale-5,grey
704,none,scale-1,dark
705,small,scale-2,grey
706,large,scale-5,light
707,small,scale-1,dark
708,median,scale-2,grey
709,large,scale-5,light
710,median,scale-5,light
711,none,scale-5,grey
712,median,scale-3,dark
713,small,scale-3,grey
714,median,scale-1,dark
715,none,scale-2,light
716,small,scale-1,grey
717,small,scale-1,dark
718,large,scale-2,dark
719,none,scale-3,light
720,small,scale-5,grey
721,median,scale-5,light
722,median,scale-2,grey
723,median,scale-1,light
724,ex-large,scale-4,dark
725,small,scale-2,grey
726,large,scale-5,grey
727,large,scale-2,light
728,none,scale-3,grey
729,median,scale-3,light
730,median,scale-3,dark
731,ex-large,scale-3,grey
732,median,scale-3,dark
733,large,scale-1,grey
734,large,scale-1,light
735,none,scale-3,light
736,median,scale-1,light
737,large,scale-2,light
738,none,scale-1,light
739,none,scale-2,light
740,median,scale-2,dark
741,ex-large,scale-3,grey
742,none,scale-2,light
743,large,scale-5,grey
744,large,scale-4,dark
745,large,scale-2,light
746,median,scale-4,grey
747,large,scale-1,grey
748,median,scale-3,dark
749,median,scale-5,dark
750,small,scale-5,light
751,none,scale-1,light
752,large,scale-2,dark
753,none,scale-4,light
754,ex-large,scale-3,dark
755,small,scale-3,light
756,median,scale-2,light
757,median,scale-1,dark
758,small,scale-3,dark
759,none,scale-1,dark
760,large,scale-5,grey
761,small,scale-3,light
762,small,scale-2,dark
763,none,scale-5,dark
764,none,scale-4,dark
765,ex-large,scale-3,dark
766,small,scale-4,grey
767,median,scale-1,light
768,none,scale-5,light
769,large,scale-2,dark
770,large,scale-5,grey
771,none,scale-3,grey
772,large,scale-3,grey
773,none,scale-2,light
774,median,scale-5,dark
775,small,scale-4,dark
776,small,scale-1,grey
777,ex-large,scale-2,grey
778,none,scale-4,grey
779,median,scale-4,light
780,small,scale-4,dark
781,none,scale-4,light
782,median,scale-1,dark
783,none,scale-2,grey
784,small,scale-5,light
785,ex-large,scale-5,light
786,ex-large,scale-2,light
787,small,scale-3,dark
788,median,scale-1,grey
789,small,scale-4,grey
790,small,scale-1,grey
791,none,scale-2,grey
792,large,scale-2,light
793,median,scale-2,dark
794,median,scale-3,dark
795,ex-large,scale-2,light
796,small,scale-2,dark
797,small,scale-5,dark
798,median,scale-2,grey
799,ex-large,scale-1,light
800,none,scale-4,dark
801,none,scale-2,grey
802,small,scale-2,light
803,small,scale-5,light
804,ex-large,scale-1,grey
805,ex-large,scale-4,grey
806,ex-large,scale-3,light
807,none,scale-5,light
808,large,scale-1,light
809,median,scale-2,dark
810,small,scale-1,grey
811,small,scale-3,dark
812,large,scale-3,dark
813,none,scale-1,grey
814,median,scale-5,grey
815,ex-large,scale-2,grey
816,ex-large,scale-4,grey
817,ex-large,scale-3,dark
818,ex-large,scale-1,dark
819,large,scale-5,light
820,small,scale-1,grey
821,none,scale-3,dark
822,small,scale-5,light
823,none,scale-4,light
824,median,scale-3,grey
825,large,scale-5,grey
826,ex-large,scale-2,light
827,small,scale-2,light
828,large,scale-5,light
829,median,scale-4,grey
830,small,scale-2,grey
831,large,scale-4,light
832,small,scale-2,grey
833,none,scale-2,dark
834,small,scale-4,grey
835,small,scale-2,dark
836,small,scale-3,dark
837,ex-large,scale-1,light
838,none,scale-3,grey
839,large,scale-4,light
840,none,scale-1,dark
841,large,scale-1,dark
842,large,scale-5,grey
843,ex-large,scale-2,grey
844,ex-large,scale-4,dark
845,large,scale-4,dark
846,ex-large,scale-3,grey
847,none,scale-2,dark
848,median,scale-1,grey
849,none,scale-2,grey
850,large,scale-5,dark
851,ex-large,scale-3,dark
852,small,scale-1,light
853,none,scale-5,grey
854,none,scale-2,light
855,ex-large,scale-3,light
856,large,scale-3,light
857,ex-large,scale-5,grey
858,median,scale-5,light
859,small,scale-3,grey
860,large,scale-5,dark
861,median,scale-3,dark
862,ex-large,scale-1,grey
863,none,scale-4,light
864,large,scale-4,light
865,ex-large,scale-1,grey
866,small,scale-5,grey
867,ex-large,scale-5,grey
868,ex-large,scale-3,dark
869,none,scale-2,dark
870,none,scale-3,light
871,ex-large,scale-3,grey
872,none,scale-1,grey
873,ex-large,scale-1,light
874,small,scale-3,dark
875,large,scale-3,grey
876,none,scale-4,grey
877,median,scale-4,light
878,none,scale-2,light
879,large,scale-5,light
880,large,scale-1,light
881,median,scale-3,dark
882,median,scale-1,dark
883,ex-large,scale-3,light
884,ex-large,scale-1,dark
885,median,scale-3,grey
886,ex-large,scale-1,grey
887,median,scale-1,grey
888,none,scale-4,grey
889,none,scale-1,dark
890,small,scale-3,dark
891,none,scale-3,dark
892,large,scale-3,light
893,large,scale-5,dark
894,small,scale-5,light
895,large,scale-2,dark
896,large,scale-4,dark
897,large,scale-2,grey
898,none,scale-1,grey
899,none,scale-2,grey
900,none,scale-2,dark
901,none,scale-3,light
902,none,scale-4,light
903,small,scale-3,grey
904,large,scale-2,grey
905,ex-large,scale-1,grey
906,median,scale-5,light
907,median,scale-4,dark
908,median,scale-3,light
909,median,scale-4,grey
910,median,scale-1,light
911,median,scale-5,dark
912,ex-large,scale-4,dark
913,large,scale-5,light
914,none,scale-1,dark
915,small,scale-5,grey
916,small,scale-1,light
917,none,scale-4,dark
918,median,scale-4,dark
919,small,scale-3,grey
920,small,scale-5,light
921,none,scale-3,dark
922,none,scale-4,light
923,none,scale-2,light
924,ex-large,scale-3,grey
925,large,scale-1,light
926,median,scale-5,light
927,none,scale-1,grey
928,none,scale-4,light
929,ex-large,scale-1,dark
930,small,scale-1,dark
931,none,scale-3,grey
932,median,scale-5,light
933,none,scale-1,light
934,small,scale-4,dark
935,median,scale-2,dark
936,median,scale-3,light
937,ex-large,scale-3,dark
938,small,scale-2,grey
939,large,scale-5,light
940,ex-large,scale-5,grey
941,none,scale-3,dark
942,median,scale-3,grey
943,large,scale-2,light
944,none,scale-2,grey
945,none,scale-1,light
946,large,scale-3,dark
947,large,scale-3,grey
948,small,scale-2,grey
949,median,scale-4,light
950,large,scale-2,dark
951,ex-large,scale-5,grey
952,median,scale-3,grey
953,ex-large,scale-5,light
954,small,scale-2,light
955,median,scale-5,light
956,ex-large,scale-3,dark
957,large,scale-4,light
958,small,scale-1,grey
959,none,scale-5,grey
960,median,scale-2,light
961,ex-large,scale-4,grey
962,median,scale-3,grey
963,median,scale-3,dark
964,large,scale-2,grey
965,ex-large,scale-1,light
966,median,scale-1,grey
967,none,scale-5,dark
968,large,scale-5,grey
969,small,scale-5,dark
970,none,scale-5,light
971,large,scale-1,grey
972,median,scale-2,dark
973,none,scale-5,dark
974,small,scale-4,light
975,ex-large,scale-5,grey
976,large,scale-3,dark
977,large,scale-2,light
978,median,scale-3,grey
979,median,scale-1,grey
980,large,scale-3,dark
981,ex-large,scale-3,light
982,median,scale-4,dark
983,small,scale-1,light
984,small,scale-5,light
985,large,scale-4,dark
986,small,scale-3,grey
987,small,scale-3,light
988,large,scale-3,dark
989,none,scale-5,dark
990,median,scale-4,dark
991,large,scale-5,light
992,large,scale-3,dark
993,median,scale-4,light
994,ex-large,scale-5,light
995,small,scale-1,light
996,median,scale-2,grey
997,none,scale-4,grey
998,none,scale-1,grey
999,large,scale-1,dark
1000,small,scale-1,light
1001,ex-large,scale-3,grey
1002,small,scale-3,light
1003,large,scale-1,grey
1004,median,scale-5,dark
1005,ex-large,scale-5,grey
1006,median,scale-2,light
1007,small,scale-5,dark
1008,median,scale-1,dark
1009,none,scale-5,dark
1010,small,scale-2,dark
1011,ex-large,scale-2,grey
1012,median,scale-1,grey
1013,small,scale-1,light
1014,ex-large,scale-5,grey
1015,large,scale-1,dark
1016,ex-large,scale-1,light
1017,none,scale-2,light
1018,ex-large,scale-1,light
1019,ex-large,scale-2,dark
1020,small,scale-5,dark
1021,large,scale-3,light
1022,small,scale-5,light
1023,ex-large,scale-1,light
1024,none,scale-4,dark
1025,none,scale-1,dark
1026,large,scale-1,grey
1027,none,scale-4,grey
1028,median,scale-3,grey
1029,median,scale-5,light
1030,large,scale-1,dark
1031,large,scale-3,dark
1032,none,scale-5,light
1033,small,scale-2,dark
1034,ex-large,scale-2,light
1035,none,scale-5,grey
1036,small,scale-4,grey
1037,large,scale-4,light
1038,large,scale-2,dark
1039,median,scale-5,grey
1040,large,scale-1,grey
1041,ex-large,scale-4,grey
1042,small,scale-2,light
1043,ex-large,scale-5,light
1044,median,scale-5,grey
1045,none,scale-2,grey
1046,median,scale-2,grey
1047,none,scale-2,grey
1048,none,scale-3,dark
1049,large,scale-5,grey
1050,small,scale-4,dark
1051,none,scale-3,light
1052,large,scale-4,light
1053,large,scale-3,light
1054,none,scale-2,dark
1055,large,scale-3,light
1056,ex-large,scale-1,light
1057,ex-large,scale-5,grey
1058,none,scale-3,light
1059,median,scale-1,dark
1060,small,scale-4,light
1061,large,scale-4,light
1062,large,scale-4,light
1063,median,scale-5,light
1064,large,scale-1,light
1065,large,scale-2,dark
1066,small,scale-1,grey
1067,large,scale-3,grey
1068,none,scale-5,grey
1069,large,scale-3,grey
1070,none,scale-2,grey
1071,ex-large,scale-2,grey
1072,small,scale-1,grey
1073,median,scale-1,dark
1074,large,scale-2,dark
1075,large,scale-4,dark
1076,large,scale-1,grey
1077,small,scale-3,dark
1078,ex-large,scale-2,dark
1079,ex-large,scale-4,dark
1080,ex-large,scale-3,dark
1081,large,scale-3,light
1082,large,scale-3,grey
1083,none,scale-1,grey
1084,median,scale-1,light
1085,small,scale-5,grey
1086,large,scale-5,dark
1087,median,scale-5,light
1088,ex-large,scale-2,light
1089,ex-large,scale-2,light
1090,median,scale-1,dark
1091,small,scale-5,dark
1092,median,scale-4,dark
1093,ex-large,scale-4,grey
1094,ex-large,scale-1,light
1095,none,scale-5,dark
1096,ex-large,scale-5,dark
1097,median,scale-5,dark
1098,ex-large,scale-3,light
1099,small,scale-2,dark
1100,none,scale-2,grey
1101,none,scale-5,dark
1102,large,scale-4,grey
1103,median,scale-4,light
1104,ex-large,scale-5,dark
1105,none,scale-1,light
1106,median,scale-1,light
1107,small,scale-4,grey
1108,median,scale-1,dark
1109,median,scale-3,light
1110,median,scale-3,grey
1111,small,scale-4,grey
1112,ex-large,scale-5,grey
1113,median,scale-2,dark
1114,small,scale-3,dark
1115,large,scale-1,grey
1116,ex-large,scale-5,grey
1117,large,scale-1,grey
1118,median,scale-3,grey
1119,median,scale-1,grey
1120,median,scale-5,dark
1121,large,scale-1,light
1122,ex-large,scale-4,grey
1123,large,scale-3,grey
1124,ex-large,scale-2,dark
1125,large,scale-5,light
1126,small,scale-2,dark
1127,ex-large,scale-1,grey
1128,ex-large,scale-1,light
1129,small,scale-2,light
1130,none,scale-2,light
1131,median,scale-4,light
1132,none,scale-4,grey
1133,ex-large,scale-2,light
1134,ex-large,scale-5,grey
1135,small,scale-5,grey
1136,none,scale-5,light
1137,small,scale-5,grey
1138,median,scale-4,dark
1139,small,scale-2,light
1140,none,scale-3,grey
1141,median,scale-3,light
1142,large,scale-1,dark
1143,large,scale-2,light
1144,ex-large,scale-1,dark
1145,small,scale-5,grey
1146,none,scale-1,grey
1147,none,scale-2,light
1148,ex-large,scale-1,dark
1149,median,scale-5,light
1150,median,scale-5,light
1151,large,scale-5,light
1152,ex-large,scale-5,light
1153,ex-large,scale-4,light
1154,small,scale-2,dark
1155,large,scale-5,light
1156,none,scale-4,dark
1157,small,scale-1,light
1158,ex-large,scale-1,light
1159,none,scale-3,dark
1160,large,scale-3,grey
1161,large,scale-4,light
1162,small,scale-4,grey
1163,small,scale-5,grey
1164,small,scale-5,grey
1165,none,scale-2,dark
1166,small,scale-4,dark
1167,ex-large,scale-1,light
1168,ex-large,scale-1,grey
1169,small,scale-3,light
1170,ex-large,scale-3,dark
1171,median,scale-4,dark
1172,small,scale-4,dark
1173,median,scale-2,grey
1174,ex-large,scale-1,grey
1175,median,scale-3,grey
1176,none,scale-5,light
1177,median,scale-3,grey
1178,ex-large,scale-1,grey
1179,small,scale-2,light
1180,ex-large,scale-3,light
1181,median,scale-1,dark
1182,small,scale-4,dark
1183,small,scale-5,dark
1184,large,scale-5,light
1185,ex-large,scale-4,dark
1186,large,scale-2,light
1187,small,scale-3,grey
1188,large,scale-4,grey
1189,small,scale-3,light
1190,ex-large,scale-2,light
1191,ex-large,scale-2,grey
1192,small,scale-1,dark
1193,large,scale-1,light
1194,none,scale-3,grey
1195,none,scale-5,light
1196,median,scale-3,light
1197,large,scale-5,dark
1198,median,scale-5,light
1199,small,scale-3,grey
1200,none,scale-5,light
1201,none,scale-1,grey
1202,ex-large,scale-4,dark
1203,small,scale-4,light
1204,small,scale-5,dark
1205,large,scale-1,grey
1206,median,scale-4,grey
1207,large,scale-5,dark
1208,small,scale-3,dark
1209,small,scale-4,dark
1210,ex-large,scale-3,dark
1211,none,scale-2,grey
1212,large,scale-5,dark
1213,none,scale-2,light
1214,none,scale-3,grey
1215,none,scale-5,light
1216,large,scale-3,grey
1217,small,scale-2,light
1218,none,scale-2,light
1219,ex-large,scale-1,grey
1220,none,scale-3,light
1221,median,scale-2,grey
1222,none,scale-1,dark
1223,small,scale-5,grey
1224,small,scale-1,grey
1225,small,scale-3,grey
1226,median,scale-1,light
1227,ex-large,scale-2,light
1228,median,scale-5,light
1229,ex-large,scale-3,light
1230,none,scale-4,light
1231,ex-large,scale-2,dark
1232,ex-large,scale-3,light
1233,none,scale-1,dark
1234,none,scale-4,light
1235,small,scale-4,grey
1236,none,scale-2,light
1237,median,scale-4,grey
1238,ex-large,scale-4,grey
1239,ex-large,scale-2,light
1240,small,scale-3,light
1241,large,scale-3,light
1242,small,scale-5,light
1243,ex-large,scale-5,light
1244,none,scale-2,light
1245,median,scale-2,dark
1246,median,scale-4,light
1247,median,scale-3,light
1248,large,scale-2,dark
1249,small,scale-1,grey
1250,none,scale-3,grey
1251,ex-large,scale-1,light
1252,ex-large,scale-4,dark
1253,ex-large,scale-4,dark
1254,median,scale-1,grey
1255,large,scale-2,grey
1256,small,scale-4,dark
1257,large,scale-4,grey
1258,median,scale-2,grey
1259,small,scale-4,grey
1260,median,scale-2,dark
1261,ex-large,scale-2,dark
1262,none,scale-2,grey
1263,median,scale-4,grey
1264,median,scale-5,grey
1265,large,scale-1,light
1266,ex-large,scale-5,light
1267,large,scale-1,dark
1268,median,scale-3,light
1269,large,scale-3,grey
1270,none,scale-3,grey
1271,none,scale-4,grey
1272,large,scale-1,grey
1273,ex-large,scale-1,grey
1274,median,scale-2,dark
1275,small,scale-4,dark
1276,median,scale-5,dark
1277,median,scale-5,dark
1278,median,scale-2,dark
1279,small,scale-5,light
1280,median,scale-1,grey
1281,ex-large,scale-3,light
1282,small,scale-2,grey
1283,large,scale-2,light
1284,large,scale-4,dark
1285,ex-large,scale-2,light
1286,large,scale-3,light
1287,ex-large,scale-5,light
1288,none,scale-3,grey
1289,median,scale-5,grey
1290,median,scale-2,grey
1291,median,scale-1,light
1292,median,scale-5,grey
1293,ex-large,scale-5,dark
1294,none,scale-2,grey
1295,none,scale-1,dark
1296,large,scale-1,dark
1297,none,scale-2,dark
1298,large,scale-3,light
1299,ex-large,scale-4,grey
1300,median,scale-1,dark
1301,none,scale-1,light
1302,large,scale-5,light
1303,large,scale-4,dark
1304,small,scale-3,light
1305,large,scale-1,dark
1306,ex-large,scale-5,dark
1307,none,scale-5,grey
1308,large,scale-5,light
1309,ex-large,scale-3,light
1310,large,scale-5,dark
1311,ex-large,scale-1,light
1312,small,scale-2,grey
1313,small,scale-5,grey
1314,ex-large,scale-2,dark
1315,none,scale-5,light
1316,small,scale-1,dark
1317,none,scale-3,grey
1318,none,scale-5,dark
1319,ex-large,scale-4,grey
1320,ex-large,scale-3,dark
1321,large,scale-3,light
1322,ex-large,scale-1,grey
1323,ex-large,scale-3,grey
1324,large,scale-3,grey
1325,large,scale-2,light
1326,median,scale-3,dark
1327,ex-large,scale-4,light
1328,median,scale-5,dark
1329,none,scale-4,light
1330,large,scale-5,dark
1331,ex-large,scale-2,grey
1332,large,scale-4,grey
1333,none,scale-5,grey
1334,none,scale-3,dark
1335,ex-large,scale-4,grey
1336,median,scale-5,grey
1337,median,scale-4,grey
1338,none,scale-3,dark
1339,small,scale-2,light
1340,median,scale-5,dark
1341,large,scale-1,light
1342,ex-large,scale-4,light
1343,ex-large,scale-4,grey
1344,small,scale-5,light
1345,none,scale-4,light
1346,small,scale-3,light
1347,ex-large,scale-3,grey
1348,none,scale-4,light
1349,ex-large,scale-1,grey
1350,small,scale-1,light
1351,ex-large,scale-5,dark
1352,median,scale-2,light
1353,none,scale-1,dark
1354,none,scale-1,light
1355,large,scale-2,light
1356,small,scale-2,light
1357,large,scale-4,light
1358,ex-large,scale-2,dark
1359,none,scale-5,dark
1360,none,scale-5,grey
1361,small,scale-5,light
1362,large,scale-1,grey
1363,none,scale-4,dark
1364,ex-large,scale-3,dark
1365,large,scale-3,grey
1366,ex-large,scale-1,light
1367,large,scale-3,light
1368,none,scale-2,light
1369,none,scale-3,grey
1370,median,scale-4,grey
1371,median,scale-2,dark
1372,median,scale-1,grey
1373,ex-large,scale-1,grey
1374,ex-large,scale-3,light
1375,large,scale-1,grey
1376,ex-large,scale-3,light
1377,large,scale-4,dark
1378,ex-large,scale-3,dark
1379,none,scale-3,dark
1380,ex-large,scale-3,grey
1381,small,scale-4,light
1382,none,scale-4,light
1383,median,scale-2,light
1384,median,scale-5,dark
1385,large,scale-3,grey
1386,median,scale-4,light
1387,small,scale-2,dark
1388,none,scale-5,grey
1389,large,scale-3,light
1390,large,scale-2,dark
1391,median,scale-5,grey
1392,large,scale-5,dark
1393,large,scale-3,dark
1394,small,scale-4,dark
1395,ex-large,scale-3,grey
1396,large,scale-5,light
1397,large,scale-2,light
1398,large,scale-4,grey
1399,small,scale-5,grey
1400,small,scale-3,grey
1401,median,scale-3,light
1402,ex-large,scale-2,grey
1403,median,scale-2,light
1404,large,scale-2,dark
1405,ex-large,scale-2,light
1406,small,scale-3,dark
1407,ex-large,scale-3,light
1408,large,scale-2,light
1409,median,scale-4,dark
1410,none,scale-1,grey
1411,small,scale-1,dark
1412,small,scale-5,light
1413,ex-large,scale-4,light
1414,large,scale-3,light
1415,large,scale-3,light
1416,none,scale-3,grey
1417,none,scale-2,dark
1418,median,scale-2,grey
1419,median,scale-2,grey
1420,large,scale-4,dark
1421,none,scale-1,light
1422,small,scale-2,dark
1423,ex-large,scale-5,grey
1424,ex-large,scale-2,light
1425,ex-large,scale-3,light
1426,large,scale-1,grey
1427,small,scale-3,dark
1428,median,scale-4,grey
1429,ex-large,scale-4,dark
1430,median,scale-3,light
1431,small,scale-2,dark
1432,small,scale-1,light
1433,median,scale-2,grey
1434,none,scale-5,grey
1435,none,scale-3,dark
1436,ex-large,scale-3,dark
1437,small,scale-3,light
1438,median,scale-5,grey
1439,ex-large,scale-1,dark
1440,large,scale-5,grey
1441,none,scale-5,dark
1442,small,scale-5,dark
1443,small,scale-4,dark
1444,median,scale-5,dark
1445,ex-large,scale-4,light
1446,median,scale-1,grey
1447,small,scale-4,grey
1448,small,scale-3,grey
1449,small,scale-3,light
1450,large,scale-1,light
1451,ex-large,scale-2,grey
1452,large,scale-2,light
1453,none,scale-4,dark
1454,ex-large,scale-3,light
1455,median,scale-1,dark
1456,median,scale-2,light
1457,none,scale-4,light
1458,small,scale-1,dark
1459,small,scale-1,light
1460,none,scale-4,light
1461,ex-large,scale-2,grey
1462,none,scale-1,grey
1463,none,scale-4,grey
1464,ex-large,scale-5,dark
1465,ex-large,scale-2,light
1466,large,scale-4,grey
1467,large,scale-1,grey
1468,ex-large,scale-1,light
1469,none,scale-5,dark
1470,large,scale-4,grey
1471,none,scale-4,grey
1472,ex-large,scale-3,dark
1473,none,scale-2,grey
1474,median,scale-2,grey
1475,small,scale-2,light
1476,small,scale-4,light
1477,small,scale-2,light
1478,none,scale-5,grey
1479,none,scale-3,dark
1480,none,scale-4,grey
1481,median,scale-2,grey
1482,ex-large,scale-4,grey
1483,large,scale-1,dark
1484,median,scale-5,light
1485,large,scale-4,grey
1486,none,scale-1,light
1487,ex-large,scale-2,dark
1488,ex-large,scale-1,grey
1489,ex-large,scale-4,light
1490,ex-large,scale-2,dark
1491,none,scale-1,grey
1492,ex-large,scale-3,light
1493,ex-large,scale-3,light
1494,none,scale-4,grey
1495,median,scale-3,light
1496,median,scale-4,dark
1497,large,scale-1,dark
1498,large,scale-2,grey
1499,median,scale-1,dark
1500,none,scale-4,light
1501,large,scale-4,light
1502,median,scale-5,dark
1503,large,scale-1,light
1504,large,scale-2,light
1505,small,scale-2,light
1506,small,scale-2,dark
1507,ex-large,scale-5,dark
1508,small,scale-5,dark
1509,large,scale-1,light
1510,median,scale-1,light
1511,large,scale-3,dark
1512,ex-large,scale-3,dark
1513,large,scale-2,dark
1514,none,scale-4,light
1515,none,scale-3,light
1516,large,scale-3,dark
1517,large,scale-1,dark
1518,small,scale-2,grey
1519,ex-large,scale-4,dark
1520,small,scale-3,grey
1521,small,scale-3,light
1522,ex-large,scale-2,dark
1523,ex-large,scale-2,grey
1524,median,scale-3,dark
1525,none,scale-4,dark
1526,small,scale-3,grey
1527,ex-large,scale-2,dark
1528,small,scale-3,dark
1529,none,scale-5,light
1530,median,scale-4,dark
1531,small,scale-3,dark
1532,large,scale-3,light
1533,ex-large,scale-2,dark
1534,none,scale-3,light
1535,median,scale-3,light
1536,large,scale-5,light
1537,large,scale-4,grey
1538,large,scale-5,dark
1539,median,scale-3,light
1540,none,scale-3,dark
1541,ex-large,scale-5,light
1542,ex-large,scale-1,light
1543,small,scale-4,grey
1544,none,scale-1,light
1545,small,scale-3,dark
1546,large,scale-2,grey
1547,ex-large,scale-3,dark
1548,ex-large,scale-1,dark
1549,none,scale-1,light
1550,ex-large,scale-5,light
1551,small,scale-3,grey
1552,small,scale-4,light
1553,none,scale-5,dark
1554,median,scale-3,grey
1555,median,scale-3,grey
1556,median,scale-1,light
1557,ex-large,scale-4,light
1558,large,scale-5,grey
1559,small,scale-4,grey
1560,none,scale-2,dark
1561,ex-large,scale-5,dark
1562,ex-large,scale-3,dark
1563,large,scale-2,grey
1564,ex-large,scale-5,light
1565,large,scale-5,grey
1566,ex-large,scale-2,light
1567,large,scale-4,dark
1568,median,scale-2,dark
1569,small,scale-5,grey
1570,median,scale-4,dark
1571,none,scale-4,light
1572,small,scale-4,grey
1573,ex-large,scale-1,dark
1574,median,scale-3,dark
1575,small,scale-4,grey
1576,median,scale-3,light
1577,median,scale-3,grey
1578,large,scale-1,light
1579,small,scale-3,grey
1580,ex-large,scale-4,light
1581,median,scale-3,dark
1582,median,scale-3,dark
1583,large,scale-5,grey
1584,ex-large,scale-5,light
1585,small,scale-3,dark
1586,small,scale-4,dark
1587,ex-large,scale-3,light
1588,none,scale-2,light
1589,ex-large,scale-5,grey
1590,median,scale-4,light
1591,large,scale-2,dark
1592,none,scale-4,light
1593,small,scale-5,light
1594,none,scale-3,dark
1595,none,scale-2,grey
1596,median,scale-1,grey
1597,median,scale-5,grey
1598,ex-large,scale-5,light
1599,ex-large,scale-4,light
1600,ex-large,scale-2,grey
1601,large,scale-1,grey
1602,median,scale-4,light
1603,median,scale-2,light
1604,ex-large,scale-1,light
1605,small,scale-3,dark
1606,large,scale-1,light
1607,small,scale-4,grey
1608,large,scale-5,light
1609,ex-large,scale-5,grey
1610,none,scale-1,dark
1611,ex-large,scale-5,dark
1612,large,scale-3,grey
1613,ex-large,scale-3,grey
1614,large,scale-5,light
1615,small,scale-4,grey
1616,large,scale-5,light
1617,small,scale-2,dark
1618,median,scale-4,light
1619,small,scale-3,light
1620,ex-large,scale-1,light
1621,large,scale-3,grey
1622,ex-large,scale-5,light
1623,small,scale-3,grey
1624,median,scale-5,grey
1625,small,scale-4,light
1626,small,scale-4,light
1627,ex-large,scale-1,dark
1628,small,scale-3,light
1629,ex-large,scale-2,grey
1630,small,scale-5,grey
1631,ex-large,scale-1,light
1632,large,scale-3,grey
1633,median,scale-2,dark
1634,median,scale-1,light
1635,ex-large,scale-1,light
1636,median,scale-4,light
1637,none,scale-2,grey
1638,median,scale-4,light
1639,large,scale-4,dark
1640,ex-large,scale-4,light
1641,ex-large,scale-4,grey
1642,none,scale-2,dark
1643,small,scale-2,dark
1644,median,scale-5,light
1645,ex-large,scale-3,light
1646,large,scale-3,dark
1647,median,scale-3,dark
1648,ex-large,scale-1,light
1649,small,scale-5,light
1650,large,scale-4,grey
1651,small,scale-2,grey
1652,none,scale-4,light
1653,none,scale-4,light
1654,small,scale-4,dark
1655,median,scale-2,dark
1656,large,scale-5,light
1657,ex-large,scale-4,dark
1658,median,scale-3,light
1659,small,scale-5,grey
1660,none,scale-1,dark
1661,ex-large,scale-3,light
1662,small,scale-3,grey
1663,small,scale-4,grey
1664,large,scale-4,light
1665,large,scale-2,dark
1666,median,scale-4,grey
1667,small,scale-3,dark
1668,small,scale-4,grey
1669,large,scale-5,dark
1670,median,scale-3,light
1671,median,scale-5,dark
1672,none,scale-2,dark
1673,median,scale-5,grey
1674,ex-large,scale-4,grey
1675,large,scale-4,grey
1676,none,scale-4,grey
1677,large,scale-2,grey
1678,ex-large,scale-2,light
1679,none,scale-3,grey
1680,large,scale-5,light
1681,median,scale-2,grey
1682,ex-large,scale-5,dark
1683,ex-large,scale-4,dark
1684,none,scale-1,dark
1685,large,scale-1,dark
1686,median,scale-4,dark
1687,median,scale-4,grey
1688,median,scale-5,light
1689,small,scale-2,light
1690,large,scale-1,dark
1691,median,scale-1,light
1692,large,scale-4,light
1693,median,scale-1,grey
1694,large,scale-3,dark
1695,ex-large,scale-5,grey
1696,ex-large,scale-3,dark
1697,none,scale-2,grey
1698,large,scale-1,light
1699,large,scale-5,dark
1700,large,scale-2,grey
1701,small,scale-5,dark
1702,ex-large,scale-5,grey
1703,median,scale-3,light
1704,median,scale-5,light
1705,ex-large,scale-1,light
1706,ex-large,scale-1,light
1707,none,scale-2,light
1708,none,scale-3,dark
1709,small,scale-3,dark
1710,none,scale-5,light
1711,median,scale-4,light
1712,large,scale-3,grey
1713,ex-large,scale-1,dark
1714,small,scale-1,dark
1715,small,scale-3,grey
1716,none,scale-3,light
1717,large,scale-4,dark
1718,median,scale-1,dark
1719,median,scale-3,grey
1720,large,scale-4,light
1721,small,scale-2,grey
1722,large,scale-3,dark
1723,small,scale-3,dark
1724,median,scale-2,dark
1725,median,scale-1,grey
1726,median,scale-3,light
1727,ex-large,scale-5,dark
1728,ex-large,scale-3,light
1729,median,scale-4,light
1730,median,scale-4,grey
1731,ex-large,scale-1,grey
1732,large,scale-5,light
1733,ex-large,scale-2,dark
1734,large,scale-4,dark
1735,large,scale-3,dark
1736,large,scale-1,light
1737,median,scale-5,light
1738,large,scale-3,dark
1739,median,scale-4,light
1740,large,scale-1,grey
1741,small,scale-2,grey
1742,median,scale-1,dark
1743,none,scale-5,dark
1744,ex-large,scale-2,light
1745,large,scale-4,light
1746,none,scale-3,light
1747,small,scale-3,grey
1748,large,scale-5,light
1749,small,scale-5,grey
1750,small,scale-4,grey
1751,median,scale-4,dark
1752,small,scale-4,grey
1753,none,scale-1,light
1754,large,scale-3,dark
1755,none,scale-5,dark
1756,none,scale-2,dark
1757,large,scale-4,grey
1758,median,scale-5,grey
1759,large,scale-5,grey
1760,large,scale-1,dark
1761,ex-large,scale-4,dark
1762,ex-large,scale-5,dark
1763,large,scale-4,dark
1764,median,scale-5,grey
1765,none,scale-5,grey
1766,large,scale-3,dark
1767,small,scale-2,grey
1768,median,scale-3,dark
1769,none,scale-2,grey
1770,median,scale-2,light
1771,median,scale-2,dark
1772,ex-large,scale-2,grey
1773,none,scale-5,light
1774,ex-large,scale-4,grey
1775,ex-large,scale-1,light
1776,none,scale-4,grey
1777,median,scale-5,grey
1778,none,scale-4,grey
1779,small,scale-2,grey
1780,median,scale-2,grey
1781,none,scale-1,dark
1782,ex-large,scale-1,light
1783,large,scale-1,light
1784,small,scale-4,grey
1785,ex-large,scale-3,dark
1786,large,scale-5,light
1787,ex-large,scale-3,light
1788,large,scale-1,grey
1789,none,scale-4,dark
1790,ex-large,scale-5,light
1791,ex-large,scale-2,light
1792,none,scale-2,light
1793,median,scale-3,grey
1794,none,scale-5,dark
1795,small,scale-4,dark
1796,large,scale-2,light
1797,none,scale-1,light
1798,none,scale-3,grey
1799,median,scale-4,dark
1800,median,scale-1,light
1801,none,scale-2,grey
1802,small,scale-3,grey
1803,ex-large,scale-4,dark
1804,large,scale-5,grey
1805,ex-large,scale-2,dark
1806,none,scale-3,grey
1807,ex-large,scale-1,dark
1808,none,scale-1,light
1809,ex-large,scale-3,grey
1810,median,scale-1,grey
1811,large,scale-2,grey
1812,large,scale-5,light
1813,ex-large,scale-1,grey
1814,large,scale-2,dark
1815,ex-large,scale-2,light
1816,small,scale-2,dark
1817,small,scale-1,light
1818,small,scale-2,light
1819,none,scale-3,light
1820,median,scale-5,dark
1821,small,scale-5,grey
1822,ex-large,scale-2,light
1823,ex-large,scale-4,light
1824,ex-large,scale-2,dark
1825,none,scale-4,grey
1826,median,scale-1,light
1827,median,scale-4,dark
1828,none,scale-4,dark
1829,large,scale-5,dark
1830,median,scale-2,dark
1831,large,scale-2,light
1832,none,scale-2,light
1833,median,scale-4,light
1834,none,scale-2,light
1835,none,scale-1,light
1836,none,scale-2,light
1837,none,scale-2,grey
1838,ex-large,scale-4,grey
1839,ex-large,scale-1,dark
1840,large,scale-5,grey
1841,ex-large,scale-3,grey
1842,median,scale-4,dark
1843,small,scale-3,grey
1844,ex-large,scale-2,light
1845,none,scale-1,dark
1846,ex-large,scale-4,dark
1847,small,scale-2,grey
1848,small,scale-2,dark
1849,median,scale-4,light
1850,small,scale-3,dark
1851,none,scale-1,dark
1852,median,scale-2,grey
1853,ex-large,scale-4,light
1854,ex-large,scale-4,grey
1855,large,scale-5,light
1856,small,scale-4,light
1857,small,scale-2,light
1858,large,scale-5,light
1859,large,scale-5,light
1860,median,scale-1,dark
1861,large,scale-1,light
1862,ex-large,scale-3,light
1863,none,scale-1,light
1864,median,scale-4,light
1865,none,scale-2,grey
1866,ex-large,scale-2,dark
1867,small,scale-5,dark
1868,ex-large,scale-5,dark
1869,none,scale-5,light
1870,small,scale-1,dark
1871,ex-large,scale-2,dark
1872,small,scale-4,light
1873,median,scale-1,light
1874,ex-large,scale-1,light
1875,none,scale-4,grey
1876,none,scale-1,light
1877,none,scale-1,dark
1878,median,scale-5,dark
1879,median,scale-4,grey
1880,none,scale-3,light
1881,small,scale-4,grey
1882,median,scale-4,dark
1883,none,scale-5,dark
1884,small,scale-3,dark
1885,median,scale-3,grey
1886,ex-large,scale-1,grey
1887,median,scale-4,light
1888,large,scale-3,dark
1889,large,scale-1,grey
1890,small,scale-4,light
1891,small,scale-1,grey
1892,small,scale-1,grey
1893,median,scale-1,light
1894,large,scale-2,dark
1895,small,scale-1,grey
1896,large,scale-3,dark
1897,small,scale-2,grey
1898,median,scale-2,grey
1899,small,scale-2,light
1900,small,scale-5,grey
1901,none,scale-4,light
1902,small,scale-4,dark
1903,large,scale-4,light
1904,small,scale-2,grey
1905,small,scale-2,grey
1906,small,scale-2,light
1907,large,scale-5,light
1908,small,scale-2,light
1909,ex-large,scale-1,grey
1910,ex-large,scale-4,dark
1911,large,scale-5,light
1912,none,scale-2,dark
1913,median,scale-4,dark
1914,ex-large,scale-3,dark
1915,small,scale-2,light
1916,none,scale-4,grey
1917,median,scale-1,light
1918,small,scale-1,dark
1919,none,scale-4,grey
1920,small,scale-2,grey
1921,none,scale-5,grey
1922,none,scale-3,grey
1923,ex-large,scale-4,light
1924,median,scale-2,light
1925,ex-large,scale-4,dark
1926,large,scale-5,grey
1927,small,scale-1,light
1928,ex-large,scale-2,grey
1929,none,scale-1,grey
1930,none,scale-2,dark
1931,none,scale-2,light
1932,small,scale-1,dark
1933,small,scale-1,light
1934,small,scale-3,light
1935,median,scale-1,light
1936,ex-large,scale-3,dark
1937,none,scale-2,grey
1938,median,scale-1,dark
1939,large,scale-1,light
1940,small,scale-4,light
1941,small,scale-3,dark
1942,median,scale-3,grey
1943,ex-large,scale-1,light
1944,large,scale-2,grey
1945,small,scale-5,dark
1946,median,scale-2,grey
1947,none,scale-5,light
1948,none,scale-5,light
1949,ex-large,scale-4,light
1950,large,scale-4,dark
1951,median,scale-3,grey
1952,none,scale-2,grey
1953,ex-large,scale-5,grey
1954,large,scale-1,light
1955,none,scale-2,dark
1956,small,scale-3,light
1957,none,scale-5,dark
1958,none,scale-5,light
1959,small,scale-1,dark
1960,small,scale-1,light
1961,ex-large,scale-3,dark
1962,median,scale-2,grey
1963,median,scale-2,dark
1964,small,scale-4,grey
1965,ex-large,scale-3,light
1966,small,scale-1,grey
1967,large,scale-3,dark
1968,none,scale-5,grey
1969,none,scale-4,dark
1970,large,scale-2,light
1971,median,scale-4,dark
1972,large,scale-3,light
1973,median,scale-3,grey
1974,ex-large,scale-1,light
1975,median,scale-2,light
1976,ex-large,scale-3,grey
1977,median,scale-4,dark
1978,large,scale-3,dark